<?xml version="1.0" encoding="UTF-8"?>
<!DOCTYPE mapper PUBLIC "-//mybatis.org//DTD Mapper 3.0//EN"
        "http://mybatis.org/dtd/mybatis-3-mapper.dtd">
<mapper namespace="com.pajk.plutus.biz.dao.mapper.single.voucher.StatementMapper">

    <!--实体映射-->
    <resultMap id="resultMap" type="com.pajk.plutus.biz.model.mapper.single.voucher.StatementDAO">
        <!--主键id-->
        <result column="id" property="id"/>
        <!--创建时间-->
        <result column="gmt_created" property="gmtCreated"/>
        <!--更新时间-->
        <result column="gmt_modified" property="gmtModified"/>
        <!--版本号-->
        <result column="version" property="version"/>
        <!--卖家id-->
        <result column="seller_id" property="sellerId"/>
        <!--是否完成 未完成0 已完成1-->
        <result column="status" property="status"/>
        <!--外部业务类型 如商城财务系统账单表fc_voucher-->
        <result column="out_type" property="outType"/>
        <!--外部业务id-->
        <result column="out_id" property="outId"/>
        <!--财务系统对应记录主键id-->
        <result column="finance_id" property="financeId"/>
        <!--科目 押金  服务费 -->
        <result column="subject" property="subject"/>
        <!--应收时间 -->
        <result column="first_time" property="firstTime"/>
        <!--应付时间 -->
        <result column="second_time" property="secondTime"/>
        <!--平台应收 -->
        <result column="platform_receivable" property="platformReceivable"/>
        <!--平台应收税费 -->
        <result column="platform_receivable_tax" property="platformReceivableTax"/>
        <!--平台应付 -->
        <result column="platform_payable" property="platformPayable"/>
        <!--平台应付税费 -->
        <result column="platform_payable_tax" property="platformPayableTax"/>
        <!--平台实收 -->
        <result column="platform_receipts" property="platformReceipts"/>
        <!--平台实收税费 -->
        <result column="platform_receipts_tax" property="platformReceiptsTax"/>
        <!--平台实付 -->
        <result column="platform_paid" property="platformPaid"/>
        <!--平台实付税费 -->
        <result column="platform_paid_tax" property="platformPaidTax"/>
        <!--描述-->
        <result column="msg" property="msg"/>
    </resultMap>


    <!-- 通用查询结果列-->
    <sql id="base_column_list">
	    id,	         gmt_created,	gmt_modified,	version,
		seller_id,	status,	out_type,	   out_id,
		finance_id,	subject, first_time, second_time,
		platform_receivable,platform_receivable_tax,platform_payable,platform_payable_tax,
		platform_receipts,platform_receipts_tax,platform_paid,platform_paid_tax,
		msg
	</sql>

    <select id="queryByOutId" resultMap="resultMap">
        select
        <include refid="base_column_list"/>
        from fc_statement
        where out_type = #{outType}
        and out_id = #{outId}
    </select>

    <insert id="create" parameterType="com.pajk.plutus.biz.model.mapper.single.voucher.StatementDAO">
		insert into fc_statement (
		gmt_created,	gmt_modified,	version,seller_id,
		status,	out_type,	   out_id,
		finance_id,	subject, first_time, second_time,
		platform_receivable,platform_receivable_tax,platform_payable,platform_payable_tax,
		platform_receipts,platform_receipts_tax,platform_paid,platform_paid_tax,
		msg
		) values (
		now(), now(),  0,	#{sellerId},
		#{status},	#{outType},   #{outId},
		#{financeId},	#{subject}, #{firstTime},#{secondTime},
		#{platformReceivable},#{platformReceivableTax},#{platformPayable},#{platformPayableTax},
		#{platformReceipts},#{platformReceiptsTax},#{platformPaid},#{platformPaidTax},
		#{msg}
		)
	</insert>

    <update id="updateByOPT">
        update fc_statement
        set gmt_modified = now()
        ,version = version +1
        <if test="status != null">
            , status = #{status}
        </if>
        <if test="platformPayableTax != null">
            , platform_payable_tax = #{platformPayableTax}
        </if>
        <if test="platformPaid != null">
            , platform_paid = #{platformPaid}
        </if>
        <if test="platformPaidTax != null">
            , platform_paid_tax = #{platformPaidTax}
        </if>
        <if test="platformReceivableTax != null">
            , platform_receivable_tax = #{platformReceivableTax}
        </if>
        <if test="platformReceipts != null">
            , platform_receipts = #{platformReceipts}
        </if>
        <if test="platformReceiptsTax != null">
            , platform_receipts_tax = #{platformReceiptsTax}
        </if>
        where id = #{id}
        and version = #{version}
        and seller_id = #{sellerId}
    </update>

</mapper>