<?xml version="1.0" encoding="UTF-8"?>
<!DOCTYPE mapper PUBLIC "-//mybatis.org//DTD Mapper 3.0//EN" 
    "http://mybatis.org/dtd/mybatis-3-mapper.dtd">
<mapper namespace="com.pajk.plutus.biz.dao.mapper.single.voucher.ViolationRuleSellerMapper">

    <!--实体映射-->
    <resultMap id="resultMap" type="com.pajk.plutus.biz.model.mapper.single.voucher.ViolationRuleSellerDAO">
        <!--主键id-->
        <result column="id"         property="id" />
        <!--创建时间-->
        <result column="gmt_created"         property="gmtCreated" />
        <!--更新时间-->
        <result column="gmt_modified"         property="gmtModified" />
        <!--0 未删除 1 删除-->
        <result column="is_deleted"         property="isDeleted" />
        <!--版本号-->
        <result column="version"         property="version" />
        <!--卖家id-->
        <result column="seller_id"         property="sellerId" />
        <!--商家名-->
        <result column="name"         property="name" />
    </resultMap>


    <!-- 通用查询结果列-->
    <sql id="base_column_list">
    id,    gmt_created,    gmt_modified,    is_deleted,    version,    seller_id,    name
    </sql>


    <sql id = "QueryString">
        where is_deleted = 0
    </sql>

    <select id = "pageQueryCount" resultType="Integer">
        select count(1)
        from fc_violation_rule_seller
        <include refid = "QueryString" />
    </select>

    <select id = "pageQuery" resultMap = "resultMap">
        select
        <include refid = "base_column_list" />
        from fc_violation_rule_seller
        <include refid = "QueryString" />
        order by id desc
        LIMIT #{startRow}, #{pageSize}
    </select>


</mapper>