<?xml version="1.0" encoding="UTF-8"?>
<!DOCTYPE mapper PUBLIC "-//mybatis.org//DTD Mapper 3.0//EN"
    "http://mybatis.org/dtd/mybatis-3-mapper.dtd">
<mapper namespace="com.pajk.plutus.biz.dao.mapper.single.voucher.ViolationRuleMapper">

    <!--实体映射-->
    <resultMap id="resultMap" type="com.pajk.plutus.biz.model.mapper.single.voucher.ViolationRuleDAO">
        <!--主键id-->
        <result column="id"         property="id" />
        <!--创建时间-->
        <result column="gmt_created"         property="gmtCreated" />
        <!--更新时间-->
        <result column="gmt_modified"         property="gmtModified" />
        <!--版本号-->
        <result column="version"         property="version" />
        <!--是否有效 0 无效 1 有效-->
        <result column="status"         property="status" />
        <!--类型 ,发货延迟1 送达延迟 2-->
        <result column="rule_type"         property="ruleType" />
        <!--0 免责 1不免责-->
        <result column="is_deal"         property="isDeal" />
        <!--规则优先级 211~300 免责 111~200 短时间特殊处理 10~100通用兜底-->
        <result column="level"         property="level" />
        <!--支付模式 在线支付1 或货到付款2-->
        <result column="pay_mode"         property="payMode" />
        <!--订单模式 如b2c 或者o2o    -->
        <result column="trade_mode"         property="tradeMode" />
        <!--结算模式 1 佣金 2 结算价-->
        <result column="statement_mode"         property="statementMode" />
        <!--计算的日期离当前多少天 8 = T+7 ,拉取订单数据过滤条件-->
        <result column="interval_day"         property="intervalDay" />
        <!--规则适用订单确认起始时间时间(在线支付支付时间 cod下单时间)-->
        <result column="trade_time_start"         property="tradeTimeStart" />
        <!--规则适用订单确认结束时间时间(在线支付支付时间 cod下单时间)-->
        <result column="trade_time_end"         property="tradeTimeEnd" />
        <!--规则适用商户,多个seller,逗号隔开(不能超过50个)-->
        <result column="seller_ids"         property="sellerIds" />
        <!--sku的type|subType 单个-->
        <result column="sku_type"         property="skuType" />
        <!--退款_商品_货到付款现金_商家收款(分)不含邮、不含税-->
        <result column="u_prov_code"         property="uProvCode" />
        <!--商家收款:佣金商品销售总金额(分)平台收款:毛利商品销售总金额(分)-->
        <result column="u_city_code"         property="uCityCode" />
        <!--商家收款:退款_佣金商品销售总金额(分)平台收款:退款_毛利商品销售总金额(分)-->
        <result column="u_area_code"         property="uAreaCode" />
        <!--商家收款:退款_商品佣金_总金额(分)平台收款:退款_毛利商品_毛利额(分)-->
        <result column="u_prov"         property="uProv" />
        <!--结算商品销售总金额(分)-->
        <result column="u_city"         property="uCity" />
        <!--退款_结算商品销售总金额(分)-->
        <result column="u_area"         property="uArea" />
        <!--省编号 (发货地址)-->
        <result column="s_prov_code"         property="sProvCode" />
        <!--市编号 (发货地址)-->
        <result column="s_city_code"         property="sCityCode" />
        <!--区编号 (发货地址)-->
        <result column="s_area_code"         property="sAreaCode" />
        <!--省 (发货地址)-->
        <result column="s_prov"         property="sProv" />
        <!--市 (发货地址)-->
        <result column="s_city"         property="sCity" />
        <!--区 (发货地址)-->
        <result column="s_area"         property="sArea" />
        <!--物流最晚发货可使用分钟数 或最晚送达时间可使用分钟数 阀值, -->
        <result column="latest_time"         property="latestTime" />
        <!--最小处罚金额(单位分)-->
        <result column="min_money"         property="minMoney" />
        <!--最大处罚金额(单位分)-->
        <result column="max_money"         property="maxMoney" />
        <!--处罚万分比率 如30% 那么值是 3000-->
        <result column="punish_rate"         property="punishRate" />
    </resultMap>


    <!-- 通用查询结果列-->
    <sql id="base_column_list">
    id,    gmt_created,    gmt_modified,    version,    status,    rule_type,    is_deal,    level,
    pay_mode,    trade_mode,    statement_mode,    interval_day,    trade_time_start,    trade_time_end,
    seller_ids,    sku_type,    u_prov_code,    u_city_code,    u_area_code,    u_prov,    u_city,    u_area,
    s_prov_code,    s_city_code,    s_area_code,    s_prov,    s_city,    s_area,    latest_time,
    min_money,    max_money,    punish_rate
    </sql>


    <sql id = "QueryString">
        where status = 1
        <if test="payMode != null">
            and pay_mode = #{payMode}
        </if>
    </sql>

    <select id = "pageQueryCount" resultType="Integer">
        select count(1)
        from fc_violation_rule
        <include refid = "QueryString" />
    </select>

    <select id = "pageQuery" resultMap = "resultMap">
        select
        <include refid = "base_column_list" />
        from fc_violation_rule
        <include refid = "QueryString" />
        order by level desc
        LIMIT #{startRow}, #{pageSize}
    </select>


</mapper>