<?xml version="1.0" encoding="UTF-8"?>
<!DOCTYPE mapper PUBLIC "-//mybatis.org//DTD Mapper 3.0//EN" 
    "http://mybatis.org/dtd/mybatis-3-mapper.dtd">
<mapper namespace="com.pajk.plutus.biz.dao.mapper.single.voucher.VoucherLogMapper">

	<!--实体映射-->
	<resultMap id="resultMap" type="com.pajk.plutus.biz.model.mapper.single.voucher.VoucherLogDAO">
		<!--主键id-->
		<result column="id"         property="id" />
		<!--创建时间-->
		<result column="gmt_created"         property="gmtCreated" />
		<!--卖家id-->
		<result column="seller_id"         property="sellerId" />
		<!--单据id-->
		<result column="voucher_id"         property="voucherId" />
		<!--操作类型-->
		<result column="opt_type"         property="optType" />
		<!--操作人-->
		<result column="operator"         property="operator" />
		<!--操作描述-->
		<result column="msg"         property="msg" />
	</resultMap>


	<!-- 通用查询结果列-->
	<sql id="base_column_list">
	id,	gmt_created,	seller_id,	voucher_id,	opt_type,	operator,	msg
	</sql>

	<!-- 添加 -->
	<insert  id="create" parameterType="com.pajk.plutus.biz.model.mapper.single.voucher.VoucherLogDAO" >
		INSERT INTO fc_voucher_log
		(gmt_created,seller_id,voucher_id,opt_type,operator,msg)
		VALUES
		(now(),   #{sellerId},   #{voucherId},  #{optType},  #{operator},  #{msg})
	</insert>



</mapper>