<?xml version="1.0" encoding="UTF-8"?>
<!DOCTYPE mapper PUBLIC "-//mybatis.org//DTD Mapper 3.0//EN" 
    "http://mybatis.org/dtd/mybatis-3-mapper.dtd">
<mapper namespace="com.pajk.plutus.biz.dao.mapper.single.voucher.VoucherMapper">

    <!--实体映射-->
    <resultMap id="resultMap" type="com.pajk.plutus.biz.model.mapper.single.voucher.VoucherDAO">
        <!--主键id-->
        <result column="id"         property="voucherId" />
        <!--创建时间-->
        <result column="gmt_created"         property="gmtCreated" />
        <!--更新时间-->
        <result column="gmt_modified"         property="gmtModified" />
        <!--版本号-->
        <result column="version"         property="version" />
        <!--0未删除 1已删除-->
        <result column="is_deleted"         property="isDeleted" />
        <!--卖家id-->
        <result column="seller_id"         property="sellerId" />
        <!--单据id 通过idgen生成-->
        <result column="out_id"         property="outId" />
        <!--单据类型,缴费单(缴钱缴积分)1000, 违规单(扣保证金扣积分)2000 赔偿单(扣保证金扣积分) 3000 清零单(清算保证金和积分)4000-->
        <result column="voucher_type"         property="voucherType" />
        <!--单据子类型-->
        <result column="voucher_sub_type"         property="voucherSubType" />
        <!--预期金额(单位分)-->
        <result column="expect_amt"         property="expectAmt" />
        <!--实际金额(单位分)-->
        <result column="actual_amt"         property="actualAmt" />
        <!--预期积分-->
        <result column="expect_point"         property="expectPoint" />
        <!--实际积分-->
        <result column="actual_point"         property="actualPoint" />
        <!--流程引擎返回的流程id-->
        <result column="proc_inst_id"         property="procInstId" />
        <!--流程节点-->
        <result column="node_key"         property="nodeKey" />
        <!--流程group-->
        <result column="node_cat_key"         property="nodeCatKey" />
        <!--流程执行的角色-->
        <result column="role"         property="role" />
        <!--流程开始时间-->
        <result column="proc_start_time"         property="procStartTime" />
        <!--流程完成时间-->
        <result column="proc_end_time"         property="procEndTime" />
        <!--业务类型 如trade ,sku-->
        <result column="obj_type"         property="objType" />
        <!--    业务实体id-->
        <result column="obj_id"         property="objId" />
        <!--0 初始 1 处理中 2 处理完成 10 不需处理 100确认缴费(保证金缴费单)-->
        <result column="pay_flag"         property="payFlag" />
        <!--发起备注-->
        <result column="create_remark"         property="createRemark" />
        <!--发起文件 格式JSON字符串 -->
        <result column="create_file"         property="createFile" />
        <!--证据备注-->
        <result column="evidence_remark"         property="evidenceRemark" />
        <!--证据文件 格式JSON字符串-->
        <result column="evidence_file"         property="evidenceFile" />
        <!--扩展字段 如缴费单银行流水 evidence_flow:(流水号多个隔开)-->
        <result column="ext_props"         property="extPropsStr" />
    </resultMap>


    <!-- 通用查询结果列-->
    <sql id="base_column_list">
    id,    gmt_created,    gmt_modified,    version,    is_deleted,    seller_id,    out_id,    voucher_type,
    voucher_sub_type,    expect_amt,    actual_amt,    expect_point,    actual_point,    proc_inst_id,
    node_key,    node_cat_key,    role,    proc_start_time,    proc_end_time,    obj_type,    obj_id,    pay_flag,
    create_remark,    create_file,    evidence_remark,    evidence_file,    ext_props
    </sql>

    <sql id="pageQueryString">

        where is_deleted = 0
        <if test="sellerId != null">
            and	seller_id=#{sellerId}
        </if>

        <if test="voucherId != null">
            and  id = #{voucherId}
        </if>

        <if test="voucherType != null">
            and voucher_type = #{voucherType}
        </if>

        <if test="voucherSubType != null">
            and voucher_sub_type = #{voucherSubType}
        </if>

        <if test="nodeKeys != null and nodeKeys.size() != 0">
            and node_key in
            <foreach item="item" index = "index" collection = "nodeKeys"
                     open = "(" separator="," close=")">
                #{item}
            </foreach>
        </if>

        <if test="nodeCatKeys != null and nodeCatKeys.size() != 0">
            and node_cat_key in
            <foreach item="item" index = "index" collection = "nodeCatKeys"
                     open = "(" separator="," close=")">
                #{item}
            </foreach>
        </if>

        <if test="objType != null">
            and obj_type = #{objType}
        </if>

        <if test="objId != null">
            and obj_id = #{objId}
        </if>

        <if test = "createStart != null">
            and gmt_created &gt;= #{createStart}
        </if>
        <if test = "createEnd != null">
            and gmt_created &lt;= #{createEnd}
        </if>

        <if test = "commitStart != null">
            and proc_start_time &gt;= #{commitStart}
        </if>
        <if test = "commitEnd != null">
            and proc_start_time &lt;= #{commitEnd}
        </if>

    </sql>

    <select id="queryBySellerAndId" resultMap="resultMap">
        select
        <include refid="base_column_list"/>
        from fc_voucher
        where id = #{voucherId}
        and seller_id = #{sellerId}
        and is_deleted = 0
    </select>

    <select id = "pageQueryCount" resultType="Integer" parameterType="com.pajk.plutus.biz.model.query.account.VoucherPageQuery">
        select count(1)
        from fc_voucher
        <include refid = "pageQueryString" />
    </select>

    <select id = "pageQuery" resultMap = "resultMap" parameterType="com.pajk.plutus.biz.model.query.account.VoucherPageQuery">
        select
        <include refid = "base_column_list" />
        from fc_voucher
        <include refid = "pageQueryString" />
        order by id desc
        LIMIT #{startRow}, #{pageSize}
    </select>


    <insert id="create" parameterType="com.pajk.plutus.biz.model.mapper.single.voucher.VoucherDAO" useGeneratedKeys="true" keyProperty="voucherId">
        insert into fc_voucher (
        seller_id,   out_id,    voucher_type,
        voucher_sub_type,    expect_amt,    actual_amt,    expect_point,    actual_point,    proc_inst_id,
        node_key,    node_cat_key,    role,    proc_start_time,    proc_end_time,    obj_type,    obj_id,    pay_flag,
        create_remark,    create_file,    evidence_remark,    evidence_file,    ext_props
        ) values (
        #{sellerId}, #{outId}, #{voucherType},
        #{voucherSubType}, #{expectAmt}, #{actualAmt}, #{expectPoint}, #{actualPoint}, #{procInstId},
        #{nodeKey}, #{nodeCatKey}, #{role}, #{procStartTime}, #{procEndTime}, #{objType}, #{objId}, #{payFlag},
        #{createRemark}, #{createFile}, #{evidenceRemark}, #{evidenceFile}, #{extPropsStr}
        )
    </insert>

    <update id="updateByOPT" parameterType="com.pajk.plutus.biz.model.mapper.single.voucher.VoucherUpdateOPT">
        update fc_voucher
        set gmt_modified = now()
        <if test = "version != null">
            , version = version + 1
        </if>
        <if test = "isDeleted != null">
            , is_deleted = #{isDeleted}
        </if>
        <if test = "actualAmt != null">
            , actual_amt = #{actualAmt}
        </if>
        <if test = "payFlag != null">
            , pay_flag = #{payFlag}
        </if>
        <if test = "procInstId != null">
            , proc_inst_id = #{procInstId}
        </if>
        <if test = "nodeKey != null">
            , node_key = #{nodeKey}
        </if>
        <if test = "nodeCatKey != null">
            , node_cat_key = #{nodeCatKey}
        </if>
        <if test = "role != null">
            , role = #{role}
        </if>
        <if test = "procStartTime != null">
            , proc_start_time = #{procStartTime}
        </if>
        <if test = "procEndTime != null">
            , proc_end_time = #{procEndTime}
        </if>
        <if test = "evidenceRemark != null">
            , evidence_remark = #{evidenceRemark}
        </if>
        <if test = "evidenceFile != null">
            , evidence_file = #{evidenceFile}
        </if>
        <if test = "extPropsStr != null">
            , ext_props = #{extPropsStr}
        </if>

        where id = #{voucherId}
        <if test = "version != null">
            and version = #{version}
        </if>
        <if test = "sellerId != null">
            and seller_id = #{sellerId}
        </if>
    </update>
    

</mapper>