<?xml version="1.0" encoding="UTF-8"?>
<!DOCTYPE mapper PUBLIC "-//mybatis.org//DTD Mapper 3.0//EN"
        "http://mybatis.org/dtd/mybatis-3-mapper.dtd">
<mapper namespace="com.pajk.plutus.biz.dao.mapper.single.voucher.VoucherDeliveryMapper">

    <!--实体映射-->
    <resultMap id="resultMap" type="com.pajk.plutus.biz.model.mapper.single.voucher.VoucherDeliveryDAO">
        <!--主键id-->
        <result column="id" property="id"/>
        <!--创建时间-->
        <result column="gmt_created" property="gmtCreated"/>
        <!--更新时间-->
        <result column="gmt_modified" property="gmtModified"/>
        <!--版本号-->
        <result column="version" property="version"/>
        <!--卖家id-->
        <result column="seller_id" property="sellerId"/>
        <!--业务单据id-->
        <result column="voucher_id" property="voucherId"/>
        <!--违规规则id-->
        <result column="rule_id" property="ruleId"/>
        <!--单据金额(单位分)(通过zeus任务计算的订单的违规金额)-->
        <result column="amount" property="amount"/>
        <!--订单id-->
        <result column="trade_id" property="tradeId"/>
        <!--支付方式 在线支付1或者货到付款2-->
        <result column="pay_mode" property="payMode"/>
        <!--b2c 或者o2o ..-->
        <result column="trade_mode" property="tradeMode"/>
        <!--结算模式 1 佣金 2 结算价-->
        <result column="statement_mode" property="statementMode"/>
        <!--商品总金额(现金+健康生活通)(单位分)-->
        <result column="total_amt" property="totalAmt"/>
        <!--商品结算总金额(结算价总和)(单位分)-->
        <result column="settle_amt" property="settleAmt"/>
        <!--支付时间-->
        <result column="pay_time" property="payTime"/>
        <!--下单时间-->
        <result column="create_time" property="createTime"/>
        <!--发货时间-->
        <result column="delivery_time" property="deliveryTime"/>
        <!--物流揽件时间-->
        <result column="lg_time" property="lgTime"/>
        <!--物流送达时间-->
        <result column="arrived_time" property="arrivedTime"/>
        <!--物流公司公司id-->
        <result column="company_id" property="companyId"/>
        <!--物流公司名-->
        <result column="company_name" property="companyName"/>
        <!--运单号-->
        <result column="tracking_number" property="trackingNumber"/>
        <!--是否有物流追踪信息 0 无 1 有-->
        <result column="trace_supported" property="traceSupported"/>
        <!--省(买家收货)-->
        <result column="u_prov" property="uProv"/>
        <!--市(买家收货)-->
        <result column="u_city" property="uCity"/>
        <!--区(买家收货)-->
        <result column="u_area" property="uArea"/>
        <!--省(卖家发货)-->
        <result column="s_prov" property="sProv"/>
        <!--市(卖家发货)-->
        <result column="s_city" property="sCity"/>
        <!--区(卖家发货)-->
        <result column="s_area" property="sArea"/>
        <!--扩展字段-->
        <result column="ext_props" property="extProps"/>
    </resultMap>


    <!-- 通用查询结果列-->
    <sql id="base_column_list">
        id,    gmt_created,    gmt_modified,    version,    seller_id,    voucher_id,    rule_id,
        amount,    trade_id,    pay_mode,    trade_mode,    statement_mode,    total_amt,
        settle_amt,    pay_time,    create_time,  delivery_time,   lg_time,    arrived_time,    company_id,
        company_name,    tracking_number,    trace_supported,    u_prov,    u_city,
        u_area,    s_prov,    s_city,    s_area,    ext_props
    </sql>

    <insert id="create" parameterType="com.pajk.plutus.biz.model.mapper.single.voucher.VoucherDeliveryDAO">
        insert into fc_voucher_delivery (
        seller_id,    voucher_id,    rule_id,
        amount,    trade_id,    pay_mode,    trade_mode,    statement_mode,    total_amt,
        settle_amt,    pay_time,    create_time,   delivery_time,  lg_time,    arrived_time,    company_id,
        company_name,    tracking_number,    trace_supported,    u_prov,    u_city,
        u_area,    s_prov,    s_city,    s_area,    ext_props
        ) values (
        #{sellerId}, #{voucherId}, #{ruleId},
        #{amount}, #{tradeId}, #{payMode}, #{tradeMode}, #{statementMode}, #{totalAmt},
        #{settleAmt}, #{payTime}, #{createTime}, #{deliveryTime}, #{lgTime}, #{arrivedTime}, #{companyId},
        #{companyName}, #{trackingNumber}, #{traceSupported}, #{uProv}, #{uCity},
        #{uArea}, #{sProv}, #{sCity}, #{sArea}, #{extProps}
        )
    </insert>

    <select id="queryByVoucherId" resultMap="resultMap">
        select
        <include refid="base_column_list" />
        from fc_voucher_delivery
        where voucher_id = #{voucherId}
    </select>

    <sql id = "QueryString">
        where 1=1
        <if test="voucherIdEmptyFlag != null">
            and voucher_id is null
        </if>
        <if test="startCreated != null">
            and gmt_created &gt;= #{startCreated}
        </if>
        <if test="endCreated != null">
            and gmt_created &lt; #{endCreated}
        </if>
    </sql>

    <select id = "pageQueryCount" resultType="Integer">
        select count(1)
        from fc_voucher_delivery
        <include refid = "QueryString" />
    </select>

    <select id = "pageQuery" resultMap = "resultMap">
        select
        <include refid = "base_column_list" />
        from fc_voucher_delivery
        <include refid = "QueryString" />
        order by id asc
        LIMIT #{startRow}, #{pageSize}
    </select>


    <update id="updateByOPT" parameterType="com.pajk.plutus.biz.model.mapper.single.voucher.VoucherDeliveryUpdateOPT">
        update fc_voucher_delivery
        set gmt_modified = now()
        <if test = "version != null">
            , version = version + 1
        </if>
        <if test = "voucherId != null">
            , voucher_id = #{voucherId}
        </if>
        <if test = "extProps != null">
            , ext_props = #{extProps}
        </if>

        where id = #{id}
        <if test = "version != null">
            and version = #{version}
        </if>
        <if test = "sellerId != null">
            and seller_id = #{sellerId}
        </if>
    </update>

</mapper>
