<?xml version="1.0" encoding="UTF-8"?>
<beans xmlns="http://www.springframework.org/schema/beans"
       xmlns:xsi="http://www.w3.org/2001/XMLSchema-instance"
       xmlns:context="http://www.springframework.org/schema/context"
       xmlns:rdb="http://www.dangdang.com/schema/ddframe/rdb"
       xsi:schemaLocation="http://www.springframework.org/schema/beans 
                        http://www.springframework.org/schema/beans/spring-beans.xsd
                        http://www.springframework.org/schema/context 
                        http://www.springframework.org/schema/context/spring-context.xsd 
                        http://www.dangdang.com/schema/ddframe/rdb 
                        http://www.dangdang.com/schema/ddframe/rdb/rdb.xsd 
                        ">

    <context:property-placeholder location="classpath:/META-INF.conf/rdb.properties" ignore-unresolvable="true"/>

    <bean id="dbtbl_0_master" class="com.alibaba.druid.pool.DruidDataSource" init-method="init" destroy-method="close">
        <property name="driverClassName" value="${dbtbl_0_master.driver}"/>
        <property name="url" value="${dbtbl_0_master.url}"/>
        <property name="username" value="${dbtbl_0_master.username}"/>
        <property name="password" value="${dbtbl_0_master.password}"/>
    </bean>
    <bean id="dbtbl_0_slave_0" class="com.alibaba.druid.pool.DruidDataSource" init-method="init" destroy-method="close">
        <property name="driverClassName" value="${dbtbl_0_slave_0.driver}"/>
        <property name="url" value="${dbtbl_0_slave_0.url}"/>
        <property name="username" value="${dbtbl_0_slave_0.username}"/>
        <property name="password" value="${dbtbl_0_slave_0.password}"/>
    </bean>

    <rdb:master-slave-data-source id="dbtbl_0" master-data-source-ref="dbtbl_0_master" slave-data-sources-ref="dbtbl_0_slave_0" />

    <rdb:strategy id="databaseStrategy" sharding-columns="none" algorithm-expression="dbtbl_0}"/>
    <rdb:strategy id="orderTableStrategy" sharding-columns="order_id" algorithm-expression="t_order_${order_id.longValue() % 4}"/>

    <rdb:data-source id="dataSource">
        <rdb:sharding-rule data-sources="dbtbl_0" default-data-source="dbtbl_0">
            <rdb:table-rules>
                <rdb:table-rule logic-table="t_order" actual-tables="t_order_${0..3}" database-strategy="databaseStrategy" table-strategy="orderTableStrategy"/>
            </rdb:table-rules>
            <rdb:default-database-strategy sharding-columns="none" algorithm-class="com.dangdang.ddframe.rdb.sharding.api.strategy.database.NoneDatabaseShardingAlgorithm"></rdb:default-database-strategy>
            <rdb:default-table-strategy sharding-columns="none" algorithm-class="com.dangdang.ddframe.rdb.sharding.api.strategy.table.NoneTableShardingAlgorithm"/>
        </rdb:sharding-rule>
    </rdb:data-source>



</beans>
