<?xml version="1.0" encoding="UTF-8" ?>
<configuration>
    <appender name="STDOUT" class="ch.qos.logback.core.ConsoleAppender">
        <!-- encoder defaults to ch.qos.logback.classic.encoder.PatternLayoutEncoder -->
        <encoder>
            <pattern>%-5level %logger{36} - %msg%n</pattern>
        </encoder>
    </appender>


    <logger name="org.springframework"  additivity="true" level="info"/>

    <!-- Strictly speaking, the level attribute is not necessary since -->
    <!-- the level of the root level is set to DEBUG by default.       -->
    <root level="debug">
        <appender-ref ref="STDOUT"/>
    </root>


</configuration>