<?xml version="1.0" encoding="UTF-8"?>
<config>
    <group name        = "common">
        <property name = "dubbo.application.name" description = "应用名称"            />
        <property name = "public.log.root"        description = "日志目录"            />
        <property name = "logger.level"           description = "日志级别描述"        />
        <property name = "roma.env"               description = "roma版本环境"        />
    </group>

    <group name        = "dubbo">
        <property name = "public.dubbo.port"         description = "dubbo 服务暴露端口号" />
        <property name = "public.dubbo.version"      description = "dubbo 版本号"         />
        <property name = "public.dubbo.registry.url" description = "dubbo zk地址"         />
        <property name = "dubbo.registry.protocol"   description = "dubbo 协议"           />
        <property name = "dubbo.consumer.timeout"    description = "dubbo 服务方超时设置" />
    </group>

    <group name        = "db">
        <property name = "plutus.mcfinance.url"         description = "数据库地址"         />
        <property name = "plutus.mcfinance.username"    description = "数据库账号"         />
        <property name = "plutus.mcfinance.password"    description = "数据库密码"         />
        <property name = "datasource.maxActive"         description = "最大连接数"         />
        <property name = "datasource.initialSize"       description = "初始化链接大小"     />
        <property name = "datasource.maxWait"           description = "等待最大时长(毫秒)" />
        <property name = "datasource.minIdle"           description = "最小空闲连接数"     />
    </group>

    <group name        = "mq">
        <property name = "rocketmq.domain.group"        description = "普通mq group名称" />
        <property name = "public.rocketmq.domain.name"  description = "普通mq服务地址"    />
    </group>

    <group name        = "troy">
        <property name = "troy.agent.host" description = "troy host" />
        <property name = "troy.agent.port" description = "troy port" />
    </group>

    <group name        = "diamond">
        <property name = "public.diamond.url" description = "diamond地址" />
    </group>

    <group name        = "idgen">
        <property name = "id.generator.domain"         description = "id.generator.domain"         />
        <property name = "id.generator.plutus.voucher.id"         description = "plutus_voucher_id"         />
    </group>

    <group name="hawaii" description="搜索相关">
        <property name="hawaii.app.name" description="hawaii接入应用名称"/>
        <property name="hawaii.app.key" description="hawaii接入应用密钥"/>
    </group>

    <script>
        <generate template = "META-INF/autoconf/logback.xml.vm"            destfile = "logback.xml"            charset = "UTF-8" />
        <generate template = "META-INF/autoconf/application.properties.vm" destfile = "application.properties" charset = "UTF-8" />
    </script>

</config>
