{
  "template": "${__INDEX__}-*",
  "settings": {
    "index.number_of_shards": ${__NUMBER_OF_SHARDS__},
"index.number_of_replicas": ${__NUMBER_OF_REPLICAS__},
"index.requests.cache.enable": true,
"analysis": {
"analyzer": {
"lowercase": {
"type": "custom",
"tokenizer": "keyword",
"filter": [
"lowercase"
]
}
}
}
},
"mappings": {
"_default_": {
"dynamic": true,
"dynamic_templates": [
{
"strings": {
"mapping": {
"index": "not_analyzed",
"type": "string"
},
"match_mapping_type": "string",
"match": "*"
}
},
{
"value": {
"match": "value",
"mapping": {
"index": "not_analyzed",
"ignore_malformed": true,
"type": "string"
}
}
},
{
"serviceName": {
"match": "serviceName",
"mapping": {
"type": "string",
"analyzer": "lowercase"
}
}
},
{
"binaryAnnotations": {
"match": "binaryAnnotations",
"mapping": {
"type": "nested"
}
}
}
],
"_all": {
"enabled": false
}
},
"span": {
"properties": {
"timestamp_millis": {
"type":   "date",
"format": "epoch_millis"
},
"binaryAnnotations": {
"type": "nested",
"dynamic": true
}
}
}
}
}
