<?xml version="1.0" encoding="UTF-8"?>
<beans xmlns="http://www.springframework.org/schema/beans"
	xmlns:xsi="http://www.w3.org/2001/XMLSchema-instance"
	xsi:schemaLocation="http://www.springframework.org/schema/beans http://www.springframework.org/schema/beans/spring-beans-3.1.xsd">

    <!--<bean id="sqlSessionFactory" class="org.mybatis.spring.SqlSessionFactoryBean">
        <property name="dataSource" ref="dataSource"/>
        <property name="mapperLocations" value="classpath:/me/j360/dubbo/dao/mapper/UserMapper.xml"/>
        <property name="typeAliasesPackage" value="me.j360.dubbo.dao.model"/>
    </bean>
    <bean class="me.j360.dubbo.dao.utils.MapperScannerConfigurer">
        <property name="basePackage" value="me.j360.dubbo.dao.mapper"/>
    </bean>
    <bean id="sqlSessionTemplate" class="org.mybatis.spring.SqlSessionTemplate">
        <constructor-arg index="0" ref="sqlSessionFactory"/>
    </bean>-->
    <import resource="application-jdbc.xml"/>
<!--    <import resource="classpath:/META-INF.spring/application-sjdbc.xml"/>-->

    <bean id="sqlSessionFactory" class="org.mybatis.spring.SqlSessionFactoryBean">
        <property name="dataSource" ref="dataSource" />
        <property name="mapperLocations" value="classpath:me.j360.dubbo.dao.mapper/UserMapper.xml"/>
        <property name="typeAliasesPackage" value="me.j360.dubbo.dao.model"/>
    </bean>

    <bean class="org.mybatis.spring.mapper.MapperScannerConfigurer">
        <property name="basePackage" value="me.j360.dubbo.dao.mapper" />
    </bean>

    <bean id="transactionManager" class="org.springframework.jdbc.datasource.DataSourceTransactionManager">
        <property name="dataSource" ref="dataSource"/>
    </bean>

    <bean id="transactionTemplate"  class="org.springframework.transaction.support.TransactionTemplate">
        <property name="transactionManager" ref="transactionManager" />
    </bean>

    <bean id="jdbcTemplate" class="org.springframework.jdbc.core.JdbcTemplate">
        <property name="dataSource" ref="dataSource"/>
    </bean>

</beans>