<?xml version="1.0" encoding="UTF-8"?>
<assembly>
    <includeBaseDirectory>false</includeBaseDirectory>
    <formats>
        <format>zip</format>
    </formats>
    <fileSets>
        <fileSet>
            <directory>${project.build.directory}</directory>
            <includes>
                <include>*.jar</include>
            </includes>
            <outputDirectory>/</outputDirectory>
        </fileSet>
        <fileSet>
            <directory>${project.parent.build.directory}/../script/</directory>
            <outputDirectory>/</outputDirectory>
            <fileMode>0777</fileMode>
            <includes>
                <include>service.sh</include>
            </includes>
        </fileSet>
    </fileSets>


</assembly>
