<?xml version="1.0" encoding="UTF-8" ?>
<!DOCTYPE mapper
		PUBLIC "-//mybatis.org//DTD Mapper 3.0//EN"
		"http://mybatis.org/dtd/mybatis-3-mapper.dtd">

<mapper namespace="com.pajk.plutus.biz.dao.mapper.single.account.AccountBookFlowMapper">

	<!--实体映射-->
	<resultMap id="resultMap" type="com.pajk.plutus.biz.model.mapper.single.account.AccountBookFlowDAO">
		<!--主键id-->
		<result column="id"         property="id" />
		<!--创建时间-->
		<result column="gmt_created"         property="gmtCreated" />
		<!--更新时间-->
		<result column="gmt_modified"         property="gmtModified" />
		<!--版本号-->
		<result column="version"         property="version" />
		<!--卖家id-->
		<result column="seller_id"         property="sellerId" />
		<!--未完成0 已完成1-->
		<result column="status"         property="status" />
		<!--流水类型 如 缴费单 1000  违规单2000  赔偿单 3000-->
		<result column="flow_type"         property="flowType" />
		<!--流水子类型 如 追加保证金1001  补齐保证金1002  退保证金1003 违规发货违规单1001 违规假货违规单1002   违规虚假宣传违规单1003-->
		<result column="flow_sub_type"         property="flowSubType" />
		<!--外部业务渠道 如 fc_voucher-->
		<result column="out_type"         property="outType" />
		<!--外部业务id 如fc_voucher的主键id-->
		<result column="out_id"         property="outId" />
		<!--账本类型同fc_account_book表的book_type-->
		<result column="book_type"         property="bookType" />
		<!--账本id-->
		<result column="book_id"         property="bookId" />
		<!--金额(单位分)-->
		<result column="amount"         property="amount" />
		<!--账本余额增加或扣减的时间-->
		<result column="gmt_statement"         property="gmtStatement" />
		<!--是否销帐 未销帐0 已销帐1-->
		<result column="write_off_status"         property="writeOffStatus" />
		<!--销帐来源类型如fc_voucher-->
		<result column="write_off_type"         property="writeOffType" />
		<!--销帐id (销帐绑定的 fc_voucher的主键(缴费单)id)-->
		<result column="write_off_id"         property="writeOffId" />
		<!--流水说明-->
		<result column="msg"         property="msg" />
	</resultMap>


	<!-- 通用查询结果列-->
	<sql id="base_column_list">
	id,	gmt_created,	gmt_modified,	version,	seller_id,	status,	flow_type,
	flow_sub_type,	    out_type,	    out_id,	    book_type,	book_id,	amount,
	gmt_statement,	write_off_status,	write_off_type,	write_off_id,	msg
	</sql>

	<insert id="create" parameterType="com.pajk.plutus.biz.model.mapper.single.account.AccountBookFlowDAO">
		INSERT INTO fc_account_book_flow
			(gmt_created,      gmt_modified,      version,      seller_id,       status,
			 flow_type,        flow_sub_type,     out_type,     out_id,          book_type,
			 book_id,          amount,            gmt_statement,write_off_status,write_off_type,
			 write_off_id,     msg)
		VALUES
			(now(),            now(),             0,             #{sellerId},    #{status},
			#{flowType},       #{flowSubType},    #{outType},    #{outId},       #{bookType},
			#{bookId},         #{amount},         #{gmtStatement},#{writeOffStatus},#{writeOffType},
			#{writeOffId},     #{msg})
	</insert>

	<select id = "pageQueryCount" resultType="Integer">
		select count(1)
		from fc_account_book_flow

		<include refid = "pageQueryString" />
	</select>

	<select id = "pageQuery" resultMap = "resultMap">
		select
		<include refid = "base_column_list" />
		from fc_account_book_flow
		<include refid = "pageQueryString" />
		order by gmt_statement desc
		LIMIT #{startRow}, #{pageSize}
	</select>

	<select id="queryCountByWriteOffId" resultType="integer">
		select count(id) from fc_account_book_flow
		where book_type = #{bookType}
		and write_off_type = #{writeOffType}
		and write_off_id = #{writeOffId}
	</select>

	<select id="pageQueryIdsByWriteOffId" resultType="Long">
		select id from fc_account_book_flow
		where book_type = #{bookType}
		and write_off_type = #{writeOffType}
		and write_off_id = #{writeOffId}
		order by id asc
		LIMIT #{startRow}, #{pageSize}
	</select>

	<select id="queryById" resultMap = "resultMap">
		select
		<include refid = "base_column_list" />
		from fc_account_book_flow
		where id = #{id}
	</select>

	<select id="queryByOutId" resultMap = "resultMap">
		select
		<include refid = "base_column_list" />
		from fc_account_book_flow
		where book_id = #{bookId}
		and out_type = #{outType}
		and out_id = #{outId}
	</select>

	<sql id="pageQueryString">
		where seller_id = #{sellerId}

		<if test="bookId != null">
			and book_id &gt;= #{bookId}
		</if>

		<if test="statementEnd != null">
			and gmt_statement &lt;= #{statementEnd}
		</if>
		<if test="statementStart != null">
			and gmt_statement &gt;= #{statementStart}
		</if>

		<if test="hasWriteOff != null ">
			<choose>
				<when test="hasWriteOff">
					and write_off_id is not null
				</when>
				<otherwise>
					and write_off_id is null
				</otherwise>
			</choose>
		</if>

		<if test="flowTypes != null and flowTypes.size() != 0 ">
			and flow_type in
			<foreach item="item" index = "index" collection = "flowTypes"
					 open = "(" separator="," close=")">
				#{item}
			</foreach>
		</if>
	</sql>

	<update id="batchUpdateWriteOffToFinish">
		update fc_account_book_flow
		set
		gmt_modified = now() ,
		version = version +1,
		write_off_status = 1
		where
		id in
		<foreach item="item" index = "index" collection = "ids"
				 open = "(" separator="," close=")">
			#{item}
		</foreach>
		and  write_off_status = 0
	</update>

	<update id="updateWriteOffToFinish">
		update  fc_account_book_flow
		set gmt_modified = now() ,
		version = version +1,
		write_off_status = 1
		where id=#{id}
		and version=#{version}
	</update>


	<update id="updateByOPT" parameterType="com.pajk.plutus.biz.model.mapper.single.account.AccountBookFlowUpdateOPT">
		update fc_account_book_flow
		set gmt_modified = now()
		,version = version +1
		<if test="status != null">
			, status = #{status}
		</if>
		<if test="gmtStatement != null">
			, gmt_statement = #{gmtStatement}
		</if>
		where id = #{id}
		and version = #{version}
		and seller_id = #{sellerId}
	</update>


	<update id="batchUpdateWriteOffId">
		update fc_account_book_flow
		set
		gmt_modified = now() ,
		version = version +1,
		write_off_id = #{writeOffId},
		write_off_type = #{writeOffType}
		where
		id in
		<foreach item="item" index = "index" collection = "ids"
				 open = "(" separator="," close=")">
			#{item}
		</foreach>
		and  write_off_id is null
	</update>

</mapper>