<?xml version="1.0" encoding="UTF-8"?>
<!DOCTYPE mapper PUBLIC "-//mybatis.org//DTD Mapper 3.0//EN" 
    "http://mybatis.org/dtd/mybatis-3-mapper.dtd">
<mapper namespace="com.pajk.plutus.biz.dao.mapper.single.account.AccountBookMapper">

	<!--实体映射-->
	<resultMap id="resultMap" type="com.pajk.plutus.biz.model.mapper.single.account.AccountBookDAO">
		<!--主键id 创建流程时用作obj_id-->
		<result column="id"         property="id" />
		<!--创建时间-->
		<result column="gmt_created"         property="gmtCreated" />
		<!--更新时间-->
		<result column="gmt_modified"         property="gmtModified" />
		<!--版本号-->
		<result column="version"         property="version" />
		<!--卖家id-->
		<result column="seller_id"         property="sellerId" />
		<!--是否冻结 0 冻结 1 正常-->
		<result column="status"         property="status" />
		<!--账户id-->
		<result column="account_id"         property="accountId" />
		<!--类型,1保证金 2积分 3馈赠金 4 年费 5 佣金-->
		<result column="book_type"         property="bookType" />
		<!--合同金额(单位分)-->
		<result column="contract_amt"         property="contractAmt" />
		<!--实收合同金额(单位分)-->
		<result column="actual_contract_amt"         property="actualContractAmt" />
		<!--账本余额(单位分)-->
		<result column="balance_amt"         property="balanceAmt" />
		<!--冻结金额(单位分)-->
		<result column="freezing_amt"         property="freezingAmt" />
	</resultMap>


	<!-- 通用查询结果列-->
	<sql id="base_column_list">
	id,	gmt_created,	gmt_modified,	version,	seller_id,	status,	account_id,	book_type,
	contract_amt,	actual_contract_amt,	balance_amt,	freezing_amt
	</sql>

	<insert id="create" parameterType="com.pajk.plutus.biz.model.mapper.single.account.AccountBookDAO">
		insert into fc_account_book (
		gmt_created,    gmt_modified,    version,
		seller_id,      status,         account_id,
		book_type,      contract_amt,   actual_contract_amt,
		balance_amt,    freezing_amt
		) values (
		now(),         now(),           0,
		#{sellerId},   1,               #{accountId},
		#{bookType},   #{contractAmt},  #{actualContractAmt},
		#{balanceAmt}, #{freezingAmt}
		)
	</insert>

	<sql id="pageQueryString">

		<if test="sellerId != null">
			and seller_id = #{sellerId}
		</if>

		<if test="status != null">
			and status = #{status}
		</if>


		<if test="balanceAmtStart != null">
			and balance_amt &gt;= #{balanceAmtStart}
		</if>

		<if test="balanceAmtEnd != null">
			and balance_amt &lt;= #{balanceAmtEnd}
		</if>

		<if test="bookType != null">
			and book_type = #{bookType}
		</if>

	</sql>

	<select id = "pageQueryCount" resultType="Integer">
		select count(1)
		from fc_account_book
		where 1 = 1
		<include refid = "pageQueryString" />
	</select>

	<select id = "pageQuery" resultMap = "resultMap">
		select
		<include refid = "base_column_list" />
		from fc_account_book
		where 1 = 1
		<include refid = "pageQueryString" />
		order by id desc
		LIMIT #{startRow}, #{pageSize}
	</select>

	<select id="queryBySeller" resultMap="resultMap">
		select
		<include refid = "base_column_list" />
		from fc_account_book
		where seller_id = #{sellerId}
	</select>

	<select id="queryBySellerAndType" resultMap="resultMap">
		select
		<include refid = "base_column_list" />
		from fc_account_book
		where seller_id = #{sellerId}
		and book_type = #{bookType}
	</select>

	<select id="queryValidBookBySeller" resultMap="resultMap">
		select
		<include refid = "base_column_list" />
		from fc_account_book
		where seller_id = #{sellerId}
		and book_type = #{bookType}
		and status = 1;
	</select>



	<update id="updateByOPT" parameterType="com.pajk.plutus.biz.model.mapper.single.voucher.VoucherUpdateOPT">
		update fc_account_book
		set gmt_modified = now()
		  , version = version + 1
		<if test = "balanceAmt != null">
			, balance_amt = #{balanceAmt}
		</if>
		<if test = "contractAmt != null">
			, contract_amt = #{contractAmt}
		</if>
		<if test = "actualContractAmt != null">
			,actual_contract_amt = #{actualContractAmt}
		</if>

		where id = #{id}
		and version = #{version}
		<if test = "baseContractAmt != null">
			and contract_amt = #{baseContractAmt}
		</if>
	</update>


	<select id="queryBookBySellerAndBookId" resultMap="resultMap">
		select
		<include refid = "base_column_list" />
		from fc_account_book
		where seller_id = #{sellerId}
		and id = #{id}
		and status = 1
	</select>



</mapper>