<?xml version="1.0" encoding="UTF-8"?>
<!DOCTYPE mapper PUBLIC "-//mybatis.org//DTD Mapper 3.0//EN" 
    "http://mybatis.org/dtd/mybatis-3-mapper.dtd">
<mapper namespace="com.pajk.plutus.biz.dao.mapper.single.account.AccountMapper">

	<!--实体映射-->
	<resultMap id="resultMap" type="com.pajk.plutus.biz.model.mapper.single.account.AccountDAO">
		<!--主键id 创建流程时用作obj_id-->
		<result column="id"         property="id" />
		<!--创建时间-->
		<result column="gmt_created"         property="gmtCreated" />
		<!--更新时间-->
		<result column="gmt_modified"         property="gmtModified" />
		<!--版本号-->
		<result column="version"         property="version" />
		<!--卖家id-->
		<result column="seller_id"         property="sellerId" />
		<!--是否冻结 0 冻结 1 正常-->
		<result column="status"         property="status" />
		<!--账户名-->
		<result column="name"         property="name" />
		<!--财务系统对应的客户id-->
		<result column="customer_id" property="customerId"/>
	</resultMap>


	<!-- 通用查询结果列-->
	<sql id="base_column_list">
	id,	gmt_created,	gmt_modified,	version,	seller_id,	status,	name, customer_id
	</sql>

	<insert id="create" parameterType="com.pajk.plutus.biz.model.mapper.single.account.AccountDAO" useGeneratedKeys="true" keyProperty="id">
		insert into fc_account (
		gmt_created,    gmt_modified,    version,	 seller_id,
		status,         name,           customer_id
		) values (
		now(),          now(),           0,		      #{sellerId},
		1,             #{name},         #{customerId}
		)
	</insert>

	<select id="queryBySeller" resultMap="resultMap">
		select
		<include refid="base_column_list"/>
		from fc_account
		where seller_id = #{sellerId}
	</select>






</mapper>