<?xml version="1.0" encoding="UTF-8" ?>
<!DOCTYPE mapper
        PUBLIC "-//mybatis.org//DTD Mapper 3.0//EN"
        "http://mybatis.org/dtd/mybatis-3-mapper.dtd">

<mapper namespace="com.pajk.plutus.biz.dao.mapper.single.bill.AccountInfoSnapshotMapper">

    <resultMap id="resultMap" type="com.pajk.plutus.biz.model.mapper.single.bill.AccountInfoSnapshotDAO">
        <id column="id" property="id"/>
        <result column="gmt_created" property="gmtCreated"/>
        <result column="bill_id" property="billId"/>
        <result column="purchaser_account" property="purchaserAccount"/>
        <result column="purchaser_account_name" property="purchaserAccountName"/>
        <result column="purchaser_bank_name" property="purchaserBankName"/>
    </resultMap>

    <sql id="column_List">
        id,
        gmt_created,
        bill_id,
        purchaser_account,
        purchaser_account_name,
        purchaser_bank_name
    </sql>

    <insert id="insert" parameterType="com.pajk.plutus.biz.model.mapper.single.bill.AccountInfoSnapshotDAO">
        insert into account_info_snapshot (
        gmt_created ,
        bill_id,
        purchaser_account , purchaser_account_name , purchaser_bank_name
        ) values (
        now() ,
        #{billId},
        #{purchaserAccount}, #{purchaserAccountName}, #{purchaserBankName}
        )
    </insert>

    <select id="queryByBillId" resultMap="resultMap">
        select
        <include refid="column_List"/>
        from account_info_snapshot
        where bill_id = #{billId}
    </select>

    <select id="queryByBillIds" resultMap="resultMap">
        select
        <include refid="column_List"/>
        from account_info_snapshot
        where bill_id in
        <foreach item="billId" collection="billIds" index="index" open="(" separator="," close=")">
            #{billId}
        </foreach>
        order by gmt_created desc
    </select>

</mapper>

