<?xml version="1.0" encoding="UTF-8" ?>
<!DOCTYPE mapper
        PUBLIC "-//mybatis.org//DTD Mapper 3.0//EN"
        "http://mybatis.org/dtd/mybatis-3-mapper.dtd">

<mapper namespace="com.pajk.plutus.biz.dao.mapper.single.bill.BillLogMapper">

    <resultMap id="resultMap" type="com.pajk.plutus.biz.model.mapper.single.bill.BillLogDAO">
        <id column="id" property="id"/>
        <result column="gmt_created" property="gmtCreated"/>
        <result column="bill_id" property="billId"/>
        <result column="seller_id" property="sellerId"/>
        <result column="operator_id" property="operatorId"/>
        <result column="operator_name" property="operatorName"/>
        <result column="role" property="role"/>
        <result column="desc" property="desc"/>
        <result column="remark" property="remark"/>
        <result column="action" property="action"/>
        <result column="bill_info" property="billInfo"/>
    </resultMap>

    <sql id="column_List">
        id,
        gmt_created,
        bill_id,
        seller_id,
        operator_id,
        operator_name,
        role,
        `desc`,
        remark,
        `action`,
        bill_info
    </sql>

    <insert id="insert" parameterType="com.pajk.plutus.biz.model.mapper.single.bill.BillLogDAO">
        insert into bill_log (
        gmt_created ,
        bill_id , seller_id , operator_id , operator_name ,
        role , `desc` , remark , `action` ,
        bill_info
        ) values (
        now() ,
        #{billId} , #{sellerId} , #{operatorId} , #{operatorName} ,
        #{role} , #{desc} , #{remark} , #{action} ,
        #{billInfo}
        )
    </insert>

</mapper>

