<?xml version="1.0" encoding="UTF-8" ?>
<!DOCTYPE mapper
        PUBLIC "-//mybatis.org//DTD Mapper 3.0//EN"
        "http://mybatis.org/dtd/mybatis-3-mapper.dtd">

<mapper namespace="com.pajk.plutus.biz.dao.mapper.single.bill.BillSettlementItemMapper">

    <resultMap id="resultMap" type="com.pajk.plutus.biz.model.mapper.single.bill.BillSettlementItemDAO">
        <id column="id" property="id"/>
        <result column="gmt_created" property="gmtCreated"/>
        <result column="gmt_modified" property="gmtModified"/>
        <result column="version" property="version"/>
        <result column="seller_id" property="sellerId"/>
        <result column="bill_id" property="billId"/>
        <result column="bill_type" property="billType"/>
        <result column="bill_amt" property="billAmt"/>
        <result column="actual_bill_amt" property="actualBillAmt"/>
    </resultMap>

    <sql id="column_List">
        id,
        gmt_created,
        gmt_modified,
        version,
        seller_id,
        bill_id,
        bill_type,
        bill_amt,
        actual_bill_amt
    </sql>

    <select id="queryByBillId" resultMap="resultMap">
        select
        <include refid="column_List"/>
        from bill_settlement_item
        where bill_id = #{billId}
    </select>

    <update id="updateAmt" parameterType="com.pajk.plutus.biz.model.mapper.single.bill.BillSettlementItemDAO">
        update bill_settlement_item
        set gmt_modified = now()
        <if test="version != null">
            , version = #{version} + 1
        </if>
        <if test="actualBillAmt != null">
            , actual_bill_amt = #{actualBillAmt}
        </if>
        where id = #{id}
        <if test="version != null">
            and version = #{version}
        </if>
    </update>

</mapper>

