<?xml version="1.0" encoding="UTF-8" ?>
<!DOCTYPE mapper
        PUBLIC "-//mybatis.org//DTD Mapper 3.0//EN"
        "http://mybatis.org/dtd/mybatis-3-mapper.dtd">

<mapper namespace="com.pajk.plutus.biz.dao.mapper.single.bill.BillSettlementMapper">

    <resultMap id="resultMap" type="com.pajk.plutus.biz.model.mapper.single.bill.BillSettlementDAO">
        <id column="id" property="id"/>
        <result column="gmt_created" property="gmtCreated"/>
        <result column="gmt_modified" property="gmtModified"/>
        <result column="version" property="version"/>
        <result column="seller_id" property="sellerId"/>
        <result column="bill_no" property="billNo"/>
        <result column="month" property="month"/>
        <result column="pay_to_type" property="payToType"/>
        <result column="settlement_type" property="settlementType"/>
        <result column="bill_amt" property="billAmt"/>
        <result column="actual_bill_amt" property="actualBillAmt"/>
        <result column="proc_inst_id" property="procInstId"/>
        <result column="node_key" property="nodeKey"/>
        <result column="node_cat_key" property="nodeCatKey"/>
        <result column="role" property="role"/>
        <result column="start_time" property="startTime"/>
        <result column="finish_time" property="finishTime"/>
        <result column="confirm_info" property="confirmInfo"/>
        <result column="payment_info" property="paymentInfo"/>
        <result column="invoice_info" property="invoiceInfo"/>
        <result column="ext_props" property="extProps"/>
    </resultMap>

    <sql id="column_List">
        id,
        gmt_created,
        gmt_modified,
        version,
        seller_id,
        bill_no,
        `month`,
        pay_to_type,
        settlement_type,
        bill_amt,
        actual_bill_amt,
        proc_inst_id,
        node_key,
        node_cat_key,
        role,
        start_time,
        finish_time,
        confirm_info,
        payment_info,
        invoice_info,
        ext_props
    </sql>

    <sql id="conditions">
        <where>
            <if test="startTime != null">
                and <![CDATA[month >= #{startTime}]]>
            </if>
            <if test="endTime != null">
                and <![CDATA[month <= #{endTime}]]>
            </if>
            <if test="sellerId != null">
                and <![CDATA[seller_id = #{sellerId}]]>
            </if>
            <if test="nodeKey != null">
                and <![CDATA[node_key = #{nodeKey}]]>
            </if>
            <if test="role != null">
                and <![CDATA[role = #{role}]]>
            </if>
        </where>
    </sql>

    <select id="queryByIdAndSellerId" resultMap="resultMap">
        select
        <include refid="column_List"/>
        from bill_settlement
        where id = #{id}
        <if test="sellerId != null">
            and seller_id = #{sellerId}
        </if>
    </select>

    <select id="pageQuery" resultMap="resultMap">
        select
        <include refid="column_List"/>
        from bill_settlement
        <include refid="conditions"/>
        limit #{startRow}, #{pageSize}
    </select>

    <select id="count" resultType="java.lang.Integer">
        select
        count(*)
        from bill_settlement
        <include refid="conditions"/>
    </select>

    <select id="paging" resultMap="resultMap">
        select
        <include refid="column_List"/>
        from bill_settlement
        <include refid="conditions"/>
        ORDER BY `month` DESC, seller_id DESC
        limit #{offset}, #{limit}
    </select>

    <update id="updateConfirm" parameterType="com.pajk.plutus.biz.model.mapper.single.bill.BillSettlementDAO">
        update bill_settlement
        set gmt_modified = now()
        <if test="version != null">
            , version = #{version} + 1
        </if>
        <if test="actualBillAmt != null">
            , actual_bill_amt = #{actualBillAmt}
        </if>
        <if test="procInstId != null">
            , proc_inst_id = #{procInstId}
        </if>
        <if test="nodeKey != null ">
            , node_key = #{nodeKey}
        </if>
        <if test="nodeCatKey != null">
            , node_cat_key = #{nodeCatKey}
        </if>
        <if test="role != null">
            , role = #{role}
        </if>
        <if test="startTime != null">
            , start_time = #{startTime}
        </if>
        <if test="finishTime != null">
            , finish_time = #{finishTime}
        </if>
        <if test="confirmInfo != null">
            , confirm_info = #{confirmInfo}
        </if>
        <if test="paymentInfo != null">
            , payment_info = #{paymentInfo}
        </if>
        <if test="invoiceInfo != null">
            , invoice_info = #{invoiceInfo}
        </if>

        where id = #{id}
        <if test="version != null">
            and version = #{version}
        </if>
        <if test="sellerId != null">
            and seller_id = #{sellerId}
        </if>
    </update>

</mapper>

