<?xml version="1.0" encoding="UTF-8" ?>
<!DOCTYPE mapper
        PUBLIC "-//mybatis.org//DTD Mapper 3.0//EN"
        "http://mybatis.org/dtd/mybatis-3-mapper.dtd">

<mapper namespace="com.pajk.plutus.biz.dao.mapper.single.bill.InvoiceInfoSnapshotMapper">

    <resultMap id="resultMap" type="com.pajk.plutus.biz.model.mapper.single.bill.InvoiceInfoSnapshotDAO">
        <id column="id" property="id"/>
        <result column="gmt_created" property="gmtCreated"/>
        <result column="bill_id" property="billId"/>
        <result column="invoice_title" property="invoiceTitle"/>
        <result column="contact" property="contact"/>
        <result column="contact_tel" property="contactTel"/>
        <result column="invoice_address" property="invoiceAddress"/>
        <result column="taxpayer_number" property="taxpayerNumber"/>
        <result column="invoice_tel" property="invoiceTel"/>
        <result column="address" property="address"/>
        <result column="invoice_bank_name" property="invoiceBankName"/>
        <result column="invoice_bank_account" property="invoiceBankAccount"/>
        <result column="invoice_type" property="invoiceType"/>
    </resultMap>

    <sql id="column_List">
        id,
        gmt_created,
        bill_id,
        invoice_title,
        contact,
        contact_tel,
        invoice_address,
        taxpayer_number,
        invoice_tel,
        address,
        invoice_bank_name,
        invoice_bank_account,
        invoice_type
    </sql>

    <insert id="insert" parameterType="com.pajk.plutus.biz.model.mapper.single.bill.InvoiceInfoSnapshotDAO">
        insert into invoice_info_snapshot (
        gmt_created ,
        bill_id , invoice_title ,
        contact , contact_tel , taxpayer_number , address ,
        invoice_address, invoice_tel, invoice_bank_name, invoice_bank_account, invoice_type
        ) values (
        now() ,
        #{billId}, #{invoiceTitle},
        #{contact}, #{contactTel}, #{taxpayerNumber}, #{address} ,
        #{invoiceTitle}, #{invoiceTel}, #{invoiceBankName}, #{invoiceBankAccount}, #{invoiceType}
        )
    </insert>

    <select id="queryByBillId" resultMap="resultMap">
        select
        <include refid="column_List"/>
        from invoice_info_snapshot
        where bill_id = #{billId}
    </select>

    <select id="queryByBillIds" resultMap="resultMap">
        select
        <include refid="column_List"/>
        from invoice_info_snapshot
        where bill_id in
        <foreach item="billId" collection="billIds" index="index" open="(" separator="," close=")">
            #{billId}
        </foreach>
        order by gmt_created desc
    </select>

</mapper>

