<?xml version="1.0" encoding="UTF-8" ?>
<!DOCTYPE mapper
        PUBLIC "-//mybatis.org//DTD Mapper 3.0//EN"
        "http://mybatis.org/dtd/mybatis-3-mapper.dtd">

<mapper namespace="com.pajk.plutus.biz.dao.mapper.single.bill.SellerAccountInfoMapper">

    <resultMap id="resultMap" type="com.pajk.plutus.biz.model.mapper.single.bill.SellerAccountInfoDAO">
        <id column="id" property="id"/>
        <result column="gmt_created" property="gmtCreated"/>
        <result column="gmt_modified" property="gmtModified"/>
        <result column="version" property="version"/>
        <result column="seller_id" property="sellerId"/>
        <result column="status" property="status"/>
        <result column="account_type" property="accountType"/>
        <result column="purchaser_account" property="purchaserAccount"/>
        <result column="purchaser_account_name" property="purchaserAccountName"/>
        <result column="purchaser_bank_name" property="purchaserBankName"/>
    </resultMap>

    <sql id="column_List">
        id,
        gmt_created,
        gmt_modified,
        version,
        seller_id,
        status,
        account_type,
        purchaser_account,
        purchaser_account_name,
        purchaser_bank_name
    </sql>

    <select id="queryBySellerId" resultMap="resultMap">
        select
        <include refid="column_List"/>
        from seller_account_info
        where seller_id = #{sellerId}
        and status = #{status}
    </select>

</mapper>

