<?xml version="1.0" encoding="UTF-8" ?>
<!DOCTYPE mapper
        PUBLIC "-//mybatis.org//DTD Mapper 3.0//EN"
        "http://mybatis.org/dtd/mybatis-3-mapper.dtd">

<mapper namespace="com.pajk.plutus.biz.dao.mapper.single.bill.SellerInvoiceInfoMapper">

    <resultMap id="resultMap" type="com.pajk.plutus.biz.model.mapper.single.bill.SellerInvoiceInfoDAO">
        <id column="id" property="id"/>
        <result column="gmt_created" property="gmtCreated"/>
        <result column="gmt_modified" property="gmtModified"/>
        <result column="version" property="version"/>
        <result column="seller_id" property="sellerId"/>
        <result column="status" property="status"/>
        <result column="invoice_title" property="invoiceTitle"/>
        <result column="contact" property="contact"/>
        <result column="contact_tel" property="contactTel"/>
        <result column="invoice_address" property="invoiceAddress"/>
        <result column="taxpayer_number" property="taxpayerNumber"/>
        <result column="invoice_tel" property="invoiceTel"/>
        <result column="address" property="address"/>
        <result column="invoice_bank_name" property="invoiceBankName"/>
        <result column="invoice_bank_account" property="invoiceBankAccount"/>
        <result column="invoice_type" property="invoiceType"/>
    </resultMap>

    <sql id="column_List">
        id,
        gmt_created,
        gmt_modified,
        version,
        seller_id,
        status,
        invoice_title,
        contact,
        contact_tel,
        invoice_address,
        taxpayer_number,
        invoice_tel,
        address,
        invoice_bank_name,
        invoice_bank_account,
        invoice_type
    </sql>

    <select id="queryBySellerId" resultMap="resultMap">
        select
        <include refid="column_List"/>
        from seller_invoice_info
        where seller_id = #{sellerId}
        and status = #{status}
    </select>

</mapper>

