<?xml version="1.0" encoding="UTF-8"?>
<!DOCTYPE configuration
        PUBLIC "-//mybatis.org//DTD Config 3.0//EN"
        "http://mybatis.org/dtd/mybatis-3-config.dtd">
<configuration>

    <mappers>
        <mapper resource="mybatis/mappers/bill/AccountInfoSnapshotMapper.xml"/>
        <mapper resource="mybatis/mappers/bill/BillLogMapper.xml"/>
        <mapper resource="mybatis/mappers/bill/BillSettlementItemMapper.xml"/>
        <mapper resource="mybatis/mappers/bill/BillSettlementMapper.xml"/>
        <mapper resource="mybatis/mappers/bill/InvoiceInfoSnapshotMapper.xml"/>
        <mapper resource="mybatis/mappers/bill/SellerAccountInfoMapper.xml"/>
        <mapper resource="mybatis/mappers/bill/SellerInvoiceInfoMapper.xml"/>

        <mapper resource="mybatis/mappers/account/AccountBookFlowMapper.xml"/>
        <mapper resource="mybatis/mappers/account/AccountBookMapper.xml"/>
        <mapper resource="mybatis/mappers/account/AccountMapper.xml"/>

        <mapper resource="mybatis/mappers/voucher/StatementMapper.xml"/>
        <mapper resource="mybatis/mappers/voucher/ViolationRuleMapper.xml"/>
        <mapper resource="mybatis/mappers/voucher/ViolationRuleSellerMapper.xml"/>
        <mapper resource="mybatis/mappers/voucher/VoucherDeliveryMapper.xml"/>
        <mapper resource="mybatis/mappers/voucher/VoucherLogMapper.xml"/>
        <mapper resource="mybatis/mappers/voucher/VoucherMapper.xml"/>



    </mappers>

</configuration>