<?xml version="1.0" encoding="UTF-8"?>
<configuration>

    <property resource="application.properties"/>

    <include resource="org/springframework/boot/logging/logback/defaults.xml" />
    <include resource="org/springframework/boot/logging/logback/console-appender.xml" />

    <appender name="DEBUG" class="ch.qos.logback.core.rolling.RollingFileAppender">
        <file>${public.log.root}/plutus/debug.log</file>
        <filter class="ch.qos.logback.classic.filter.LevelFilter">
            <level>DEBUG</level>
            <onMatch>ACCEPT</onMatch>
            <onMismatch>DENY</onMismatch>
        </filter>
        <rollingPolicy class="ch.qos.logback.core.rolling.TimeBasedRollingPolicy">
            <fileNamePattern>${public.log.root}/plutus/history/debug-%d{yyyy-MM-dd}.%i.gz</fileNamePattern>
            <timeBasedFileNamingAndTriggeringPolicy class="ch.qos.logback.core.rolling.SizeAndTimeBasedFNATP">
                <maxFileSize>500MB</maxFileSize>
            </timeBasedFileNamingAndTriggeringPolicy>
            <maxHistory>2</maxHistory>
        </rollingPolicy>
        <encoder>
            <pattern>
                %d{yyyy-MM-dd HH:mm:ss.SSS} [%thread]: %level className:%class:%L %M - %X %msg%xEx%n
            </pattern>
        </encoder>
    </appender>

    <appender name="INFO" class="ch.qos.logback.core.rolling.RollingFileAppender">
        <file>${public.log.root}/plutus/info.log</file>
        <filter class="ch.qos.logback.classic.filter.ThresholdFilter">
            <level>INFO</level>
        </filter>
        <rollingPolicy class="ch.qos.logback.core.rolling.TimeBasedRollingPolicy">
            <fileNamePattern>${public.log.root}/plutus/history/info-%d{yyyy-MM-dd}.%i.gz</fileNamePattern>
            <timeBasedFileNamingAndTriggeringPolicy class="ch.qos.logback.core.rolling.SizeAndTimeBasedFNATP">
                <maxFileSize>500MB</maxFileSize>
            </timeBasedFileNamingAndTriggeringPolicy>
            <maxHistory>2</maxHistory>
        </rollingPolicy>
        <encoder>
            <pattern>
                %d{yyyy-MM-dd HH:mm:ss.SSS} [%thread]: %level %class:%L %M - %X %msg%xEx%n
            </pattern>
        </encoder>
    </appender>

    <appender name="WARN" class="ch.qos.logback.core.rolling.RollingFileAppender">
        <file>${public.log.root}/plutus/warn.log</file>
        <filter class="ch.qos.logback.classic.filter.ThresholdFilter">
            <level>WARN</level>
        </filter>
        <rollingPolicy class="ch.qos.logback.core.rolling.TimeBasedRollingPolicy">
            <fileNamePattern>${public.log.root}/plutus/history/warn-%d{yyyy-MM-dd}.%i.gz</fileNamePattern>
            <timeBasedFileNamingAndTriggeringPolicy class="ch.qos.logback.core.rolling.SizeAndTimeBasedFNATP">
                <maxFileSize>100MB</maxFileSize>
            </timeBasedFileNamingAndTriggeringPolicy>
            <maxHistory>2</maxHistory>
        </rollingPolicy>
        <encoder>
            <pattern>
                %d{yyyy-MM-dd HH:mm:ss.SSS} [%thread]: %level %class:%L %M - %X %msg%xEx%n
            </pattern>
        </encoder>
    </appender>

    <appender name="ERROR" class="ch.qos.logback.core.rolling.RollingFileAppender">
        <file>${public.log.root}/plutus/error.log</file>
        <filter class="ch.qos.logback.classic.filter.ThresholdFilter">
            <level>ERROR</level>
        </filter>
        <rollingPolicy class="ch.qos.logback.core.rolling.TimeBasedRollingPolicy">
            <fileNamePattern>${public.log.root}/plutus/history/error-%d{yyyy-MM-dd}.%i.gz</fileNamePattern>
            <timeBasedFileNamingAndTriggeringPolicy class="ch.qos.logback.core.rolling.SizeAndTimeBasedFNATP">
                <maxFileSize>100MB</maxFileSize>
            </timeBasedFileNamingAndTriggeringPolicy>
            <maxHistory>2</maxHistory>
        </rollingPolicy>
        <encoder>
            <pattern>
                %d{yyyy-MM-dd HH:mm:ss.SSS} [%thread]: %level %class:%L %M - %X %msg%xEx%n
            </pattern>
        </encoder>
    </appender>

    <appender name="OTHER" class="ch.qos.logback.core.rolling.RollingFileAppender">
        <file>${public.log.root}/plutus/other.log</file>
        <filter class="ch.qos.logback.classic.filter.ThresholdFilter">
            <level>INFO</level>
        </filter>
        <rollingPolicy class="ch.qos.logback.core.rolling.TimeBasedRollingPolicy">
            <fileNamePattern>${public.log.root}/plutus/history/other-%d{yyyy-MM-dd}.%i.gz</fileNamePattern>
            <timeBasedFileNamingAndTriggeringPolicy class="ch.qos.logback.core.rolling.SizeAndTimeBasedFNATP">
                <maxFileSize>100MB</maxFileSize>
            </timeBasedFileNamingAndTriggeringPolicy>
            <maxHistory>2</maxHistory>
        </rollingPolicy>
        <encoder>
            <pattern>
                %d{yyyy-MM-dd HH:mm:ss.SSS} [%thread]: %level %class:%L %M - %X %msg%xEx%n
            </pattern>
        </encoder>
    </appender>

    <appender name="MQ-COMMON" class="ch.qos.logback.core.rolling.RollingFileAppender">
        <file>${public.log.root}/plutus/mq-common.log</file>
        <filter class="ch.qos.logback.classic.filter.ThresholdFilter">
            <level>INFO</level>
        </filter>
        <rollingPolicy class="ch.qos.logback.core.rolling.TimeBasedRollingPolicy">
            <fileNamePattern>${public.log.root}/plutus/history/mq-common-%d{yyyy-MM-dd}.%i.gz</fileNamePattern>
            <timeBasedFileNamingAndTriggeringPolicy class="ch.qos.logback.core.rolling.SizeAndTimeBasedFNATP">
                <maxFileSize>500MB</maxFileSize>
            </timeBasedFileNamingAndTriggeringPolicy>
            <maxHistory>20</maxHistory>
        </rollingPolicy>
        <encoder>
            <pattern>
                %d{yyyy-MM-dd HH:mm:ss.SSS} [%thread]: %level %class:%L %M - %X %msg%xEx%n
            </pattern>
        </encoder>
    </appender>

    <appender name="DUBBO" class="ch.qos.logback.core.rolling.RollingFileAppender">
        <file>${public.log.root}/plutus/dubbo.log</file>
        <filter class="ch.qos.logback.classic.filter.ThresholdFilter">
            <level>INFO</level>
        </filter>
        <rollingPolicy class="ch.qos.logback.core.rolling.TimeBasedRollingPolicy">
            <fileNamePattern>${public.log.root}/plutus/history/dubbo-%d{yyyy-MM-dd}.%i.gz</fileNamePattern>
            <timeBasedFileNamingAndTriggeringPolicy class="ch.qos.logback.core.rolling.SizeAndTimeBasedFNATP">
                <maxFileSize>500MB</maxFileSize>
            </timeBasedFileNamingAndTriggeringPolicy>
            <maxHistory>20</maxHistory>
        </rollingPolicy>
        <encoder>
            <pattern>
                %d{yyyy-MM-dd HH:mm:ss.SSS} [%thread]: %level %class:%L %M - %X %msg%xEx%n
            </pattern>
        </encoder>
    </appender>

    <appender name="MYBATIS" class="ch.qos.logback.core.rolling.RollingFileAppender">
        <file>${public.log.root}/plutus/mybatis.log</file>
        <filter class="ch.qos.logback.classic.filter.ThresholdFilter">
            <level>TRACE</level>
        </filter>
        <rollingPolicy class="ch.qos.logback.core.rolling.TimeBasedRollingPolicy">
            <fileNamePattern>${public.log.root}/plutus/history/mybatis-%d{yyyy-MM-dd}.%i.gz</fileNamePattern>
            <timeBasedFileNamingAndTriggeringPolicy class="ch.qos.logback.core.rolling.SizeAndTimeBasedFNATP">
                <maxFileSize>100MB</maxFileSize>
            </timeBasedFileNamingAndTriggeringPolicy>
            <maxHistory>20</maxHistory>
        </rollingPolicy>
        <encoder>
            <pattern>
                %d{yyyy-MM-dd HH:mm:ss.SSS} [%thread]: %level %class:%L %M - %X %msg%xEx%n
            </pattern>
        </encoder>
    </appender>

    <appender name="STDOUT" class="ch.qos.logback.core.ConsoleAppender">
        <filter class="ch.qos.logback.classic.filter.ThresholdFilter">
            <level>DEBUG</level>
        </filter>
        <layout class="ch.qos.logback.classic.PatternLayout">
            <pattern><![CDATA[%date %level [%thread] %logger{10} [%file:%line] %msg%n]]></pattern>
        </layout>
    </appender>

    <appender name="MONITOR" class="com.pajk.troy.client.metrics.log.MonitorLogbackAppender">
        <noneStackEnable>true</noneStackEnable>
    </appender>

    <logger name="com.alibaba.dubbo" level="INFO" additivity="false">
        <appender-ref ref="DUBBO"/>
        <appender-ref ref="MONITOR"/>
    </logger>

    <logger name="CallTrace" level="INFO" additivity="false">
        <appender-ref ref="DUBBO"/>
        <appender-ref ref="MONITOR"/>
    </logger>

    <logger name="org.apache.zookeeper" level="WARN" additivity="false">
        <appender-ref ref="OTHER"/>
    </logger>
    <logger name="org.springframework" level="WARN" additivity="false">
        <appender-ref ref="OTHER"/>
    </logger>

    <logger name="com.alibaba.rocketmq.common.stats" level="DEBUG" additivity="false">
        <appender-ref ref="MQ-COMMON"/>
    </logger>

    <logger name="RocketmqStatsToMonitor" level="DEBUG" additivity="false">
        <appender-ref ref="MQ-COMMON"/>
        <appender-ref ref="MONITOR"/>
    </logger>

    <logger name="com.pajk.plutus.biz.dao.mapper" level="DEBUG" additivity="false">
        <appender-ref ref="MYBATIS"/>
    </logger>

    <root level="INFO">
        <appender-ref ref="MONITOR" />
        <appender-ref ref="STDOUT"/>
        <appender-ref ref="DEBUG"/>
        <appender-ref ref="INFO"/>
        <appender-ref ref="WARN"/>
        <appender-ref ref="ERROR"/>
    </root>
</configuration>